-- phpMyAdmin SQL Dump
-- version 5.2.1
-- https://www.phpmyadmin.net/
--
-- Hôte : 127.0.0.1
-- Généré le : jeu. 01 juin 2023 à 15:55
-- Version du serveur : 10.4.28-MariaDB
-- Version de PHP : 8.2.4

SET SQL_MODE = "NO_AUTO_VALUE_ON_ZERO";
START TRANSACTION;
SET time_zone = "+00:00";


/*!40101 SET @OLD_CHARACTER_SET_CLIENT=@@CHARACTER_SET_CLIENT */;
/*!40101 SET @OLD_CHARACTER_SET_RESULTS=@@CHARACTER_SET_RESULTS */;
/*!40101 SET @OLD_COLLATION_CONNECTION=@@COLLATION_CONNECTION */;
/*!40101 SET NAMES utf8mb4 */;

--
-- Base de données : `reservations`
--
CREATE DATABASE IF NOT EXISTS `reservations` DEFAULT CHARACTER SET utf8mb4 COLLATE utf8mb4_general_ci;
USE `reservations`;

-- --------------------------------------------------------

--
-- Structure de la table `artists`
--

DROP TABLE IF EXISTS `artists`;
CREATE TABLE `artists` (
  `id` bigint(20) UNSIGNED NOT NULL,
  `firstname` varchar(60) NOT NULL,
  `lastname` varchar(60) NOT NULL
) ENGINE=InnoDB DEFAULT CHARSET=utf8mb4 COLLATE=utf8mb4_unicode_ci;

--
-- Déchargement des données de la table `artists`
--

INSERT INTO `artists` (`id`, `firstname`, `lastname`) VALUES
(1, 'Daniel', 'Marcelin'),
(2, 'Philippe', 'Laurent'),
(3, 'Marius', 'Von Mayenburg'),
(4, 'Olivier', 'Boudon'),
(5, 'Anne Marie', 'Loop'),
(6, 'Pietro', 'Varasso'),
(7, 'Laurent', 'Caron'),
(8, 'Élena', 'Perez'),
(9, 'Guillaume', 'Alexandre'),
(10, 'Claude', 'Semal'),
(11, 'Laurence', 'Warin');

-- --------------------------------------------------------

--
-- Structure de la table `artist_type`
--

DROP TABLE IF EXISTS `artist_type`;
CREATE TABLE `artist_type` (
  `id` bigint(20) UNSIGNED NOT NULL,
  `artist_id` bigint(20) UNSIGNED NOT NULL,
  `type_id` bigint(20) UNSIGNED NOT NULL
) ENGINE=InnoDB DEFAULT CHARSET=utf8mb4 COLLATE=utf8mb4_unicode_ci;

--
-- Déchargement des données de la table `artist_type`
--

INSERT INTO `artist_type` (`id`, `artist_id`, `type_id`) VALUES
(1, 1, 3),
(2, 2, 3),
(3, 1, 2),
(4, 2, 2),
(5, 1, 1),
(6, 3, 3),
(7, 4, 2),
(8, 5, 1),
(9, 6, 1),
(10, 7, 1),
(11, 8, 1),
(12, 9, 1),
(13, 10, 3),
(14, 11, 2),
(15, 10, 1),
(16, 2, 2);

-- --------------------------------------------------------

--
-- Structure de la table `artist_type_show`
--

DROP TABLE IF EXISTS `artist_type_show`;
CREATE TABLE `artist_type_show` (
  `id` bigint(20) UNSIGNED NOT NULL,
  `artist_type_id` bigint(20) UNSIGNED NOT NULL,
  `show_id` bigint(20) UNSIGNED NOT NULL
) ENGINE=InnoDB DEFAULT CHARSET=utf8mb4 COLLATE=utf8mb4_unicode_ci;

--
-- Déchargement des données de la table `artist_type_show`
--

INSERT INTO `artist_type_show` (`id`, `artist_type_id`, `show_id`) VALUES
(1, 1, 1),
(2, 2, 1),
(3, 3, 1),
(4, 4, 1),
(5, 5, 1),
(6, 6, 2),
(7, 7, 2),
(8, 8, 2),
(9, 9, 2),
(10, 10, 2),
(11, 11, 2),
(12, 12, 2),
(13, 13, 3),
(14, 14, 3),
(15, 15, 3),
(16, 4, 4);

-- --------------------------------------------------------

--
-- Structure de la table `categories`
--

DROP TABLE IF EXISTS `categories`;
CREATE TABLE `categories` (
  `id` int(10) UNSIGNED NOT NULL,
  `parent_id` int(10) UNSIGNED DEFAULT NULL,
  `order` int(11) NOT NULL DEFAULT 1,
  `name` varchar(255) NOT NULL,
  `slug` varchar(255) NOT NULL,
  `created_at` timestamp NULL DEFAULT NULL,
  `updated_at` timestamp NULL DEFAULT NULL
) ENGINE=InnoDB DEFAULT CHARSET=utf8mb4 COLLATE=utf8mb4_unicode_ci;

-- --------------------------------------------------------

--
-- Structure de la table `data_rows`
--

DROP TABLE IF EXISTS `data_rows`;
CREATE TABLE `data_rows` (
  `id` int(10) UNSIGNED NOT NULL,
  `data_type_id` int(10) UNSIGNED NOT NULL,
  `field` varchar(255) NOT NULL,
  `type` varchar(255) NOT NULL,
  `display_name` varchar(255) NOT NULL,
  `required` tinyint(1) NOT NULL DEFAULT 0,
  `browse` tinyint(1) NOT NULL DEFAULT 1,
  `read` tinyint(1) NOT NULL DEFAULT 1,
  `edit` tinyint(1) NOT NULL DEFAULT 1,
  `add` tinyint(1) NOT NULL DEFAULT 1,
  `delete` tinyint(1) NOT NULL DEFAULT 1,
  `details` text DEFAULT NULL,
  `order` int(11) NOT NULL DEFAULT 1
) ENGINE=InnoDB DEFAULT CHARSET=utf8mb4 COLLATE=utf8mb4_unicode_ci;

-- --------------------------------------------------------

--
-- Structure de la table `data_types`
--

DROP TABLE IF EXISTS `data_types`;
CREATE TABLE `data_types` (
  `id` int(10) UNSIGNED NOT NULL,
  `name` varchar(255) NOT NULL,
  `slug` varchar(255) NOT NULL,
  `display_name_singular` varchar(255) NOT NULL,
  `display_name_plural` varchar(255) NOT NULL,
  `icon` varchar(255) DEFAULT NULL,
  `model_name` varchar(255) DEFAULT NULL,
  `policy_name` varchar(255) DEFAULT NULL,
  `controller` varchar(255) DEFAULT NULL,
  `description` varchar(255) DEFAULT NULL,
  `generate_permissions` tinyint(1) NOT NULL DEFAULT 0,
  `server_side` tinyint(4) NOT NULL DEFAULT 0,
  `details` text DEFAULT NULL,
  `created_at` timestamp NULL DEFAULT NULL,
  `updated_at` timestamp NULL DEFAULT NULL
) ENGINE=InnoDB DEFAULT CHARSET=utf8mb4 COLLATE=utf8mb4_unicode_ci;

-- --------------------------------------------------------

--
-- Structure de la table `failed_jobs`
--

DROP TABLE IF EXISTS `failed_jobs`;
CREATE TABLE `failed_jobs` (
  `id` bigint(20) UNSIGNED NOT NULL,
  `uuid` varchar(255) NOT NULL,
  `connection` text NOT NULL,
  `queue` text NOT NULL,
  `payload` longtext NOT NULL,
  `exception` longtext NOT NULL,
  `failed_at` timestamp NOT NULL DEFAULT current_timestamp()
) ENGINE=InnoDB DEFAULT CHARSET=utf8mb4 COLLATE=utf8mb4_unicode_ci;

-- --------------------------------------------------------

--
-- Structure de la table `localities`
--

DROP TABLE IF EXISTS `localities`;
CREATE TABLE `localities` (
  `id` bigint(20) UNSIGNED NOT NULL,
  `postal_code` varchar(15) NOT NULL,
  `locality` varchar(60) NOT NULL
) ENGINE=InnoDB DEFAULT CHARSET=utf8mb4 COLLATE=utf8mb4_unicode_ci;

--
-- Déchargement des données de la table `localities`
--

INSERT INTO `localities` (`id`, `postal_code`, `locality`) VALUES
(1, '1000', 'Bruxelles'),
(2, '6001', 'Marcinelle'),
(3, '1731', 'Zellik'),
(4, '7190', 'Ecaussinnes'),
(5, '6500', 'Beaumont'),
(6, '1070', 'Anderlecht'),
(7, '1170', 'Watermael-Boitsfort');

-- --------------------------------------------------------

--
-- Structure de la table `locations`
--

DROP TABLE IF EXISTS `locations`;
CREATE TABLE `locations` (
  `id` bigint(20) UNSIGNED NOT NULL,
  `slug` varchar(60) NOT NULL,
  `designation` varchar(60) NOT NULL,
  `address` varchar(255) NOT NULL,
  `locality_id` bigint(20) UNSIGNED NOT NULL,
  `website` varchar(255) DEFAULT NULL,
  `phone` varchar(30) DEFAULT NULL
) ENGINE=InnoDB DEFAULT CHARSET=utf8mb4 COLLATE=utf8mb4_unicode_ci;

--
-- Déchargement des données de la table `locations`
--

INSERT INTO `locations` (`id`, `slug`, `designation`, `address`, `locality_id`, `website`, `phone`) VALUES
(1, 'espace-delvaux-la-venerie', 'Espace Delvaux / La Vénerie', '3 rue Gratès', 7, 'https://www.lavenerie.be', '+32 (0)2/663.85.50'),
(2, 'dexia-art-center', 'Dexia Art Center', '50 rue de l\'Ecuyer', 1, NULL, NULL),
(3, 'la-samaritaine', 'La Samaritaine', '16 rue de la samaritaine', 1, 'http://www.lasamaritaine.be/', NULL),
(4, 'espace-magh', 'Espace Magh', '17 rue du Poinçon', 1, 'http://www.espacemagh.be', '+32 (0)2/274.05.10');

-- --------------------------------------------------------

--
-- Structure de la table `menus`
--

DROP TABLE IF EXISTS `menus`;
CREATE TABLE `menus` (
  `id` int(10) UNSIGNED NOT NULL,
  `name` varchar(255) NOT NULL,
  `created_at` timestamp NULL DEFAULT NULL,
  `updated_at` timestamp NULL DEFAULT NULL
) ENGINE=InnoDB DEFAULT CHARSET=utf8mb4 COLLATE=utf8mb4_unicode_ci;

-- --------------------------------------------------------

--
-- Structure de la table `menu_items`
--

DROP TABLE IF EXISTS `menu_items`;
CREATE TABLE `menu_items` (
  `id` int(10) UNSIGNED NOT NULL,
  `menu_id` int(10) UNSIGNED DEFAULT NULL,
  `title` varchar(255) NOT NULL,
  `url` varchar(255) NOT NULL,
  `target` varchar(255) NOT NULL DEFAULT '_self',
  `icon_class` varchar(255) DEFAULT NULL,
  `color` varchar(255) DEFAULT NULL,
  `parent_id` int(11) DEFAULT NULL,
  `order` int(11) NOT NULL,
  `created_at` timestamp NULL DEFAULT NULL,
  `updated_at` timestamp NULL DEFAULT NULL,
  `route` varchar(255) DEFAULT NULL,
  `parameters` text DEFAULT NULL
) ENGINE=InnoDB DEFAULT CHARSET=utf8mb4 COLLATE=utf8mb4_unicode_ci;

-- --------------------------------------------------------

--
-- Structure de la table `migrations`
--

DROP TABLE IF EXISTS `migrations`;
CREATE TABLE `migrations` (
  `id` int(10) UNSIGNED NOT NULL,
  `migration` varchar(255) NOT NULL,
  `batch` int(11) NOT NULL
) ENGINE=InnoDB DEFAULT CHARSET=utf8mb4 COLLATE=utf8mb4_unicode_ci;

--
-- Déchargement des données de la table `migrations`
--

INSERT INTO `migrations` (`id`, `migration`, `batch`) VALUES
(43, '2014_10_12_000000_create_users_table', 1),
(44, '2014_10_12_100000_create_password_resets_table', 1),
(45, '2016_01_01_000000_add_voyager_user_fields', 1),
(46, '2016_01_01_000000_create_data_types_table', 1),
(47, '2016_01_01_000000_create_pages_table', 1),
(48, '2016_01_01_000000_create_posts_table', 1),
(49, '2016_02_15_204651_create_categories_table', 1),
(50, '2016_05_19_173453_create_menu_table', 1),
(51, '2016_10_21_190000_create_roles_table', 1),
(52, '2016_10_21_190000_create_settings_table', 1),
(53, '2016_11_30_135954_create_permission_table', 1),
(54, '2016_11_30_141208_create_permission_role_table', 1),
(55, '2016_12_26_201236_data_types__add__server_side', 1),
(56, '2017_01_13_000000_add_route_to_menu_items_table', 1),
(57, '2017_01_14_005015_create_translations_table', 1),
(58, '2017_01_15_000000_make_table_name_nullable_in_permissions_table', 1),
(59, '2017_03_06_000000_add_controller_to_data_types_table', 1),
(60, '2017_04_11_000000_alter_post_nullable_fields_table', 1),
(61, '2017_04_21_000000_add_order_to_data_rows_table', 1),
(62, '2017_07_05_210000_add_policyname_to_data_types_table', 1),
(63, '2017_08_05_000000_add_group_to_settings_table', 1),
(64, '2017_11_26_013050_add_user_role_relationship', 1),
(65, '2017_11_26_015000_create_user_roles_table', 1),
(66, '2018_03_11_000000_add_user_settings', 1),
(67, '2018_03_14_000000_add_details_to_data_types_table', 1),
(68, '2018_03_16_000000_make_settings_value_nullable', 1),
(69, '2019_05_03_000001_create_customer_columns', 1),
(70, '2019_05_03_000002_create_subscriptions_table', 1),
(71, '2019_05_03_000003_create_subscription_items_table', 1),
(72, '2019_08_19_000000_create_failed_jobs_table', 1),
(73, '2019_12_14_000001_create_personal_access_tokens_table', 1),
(74, '2023_01_07_230008_create_artists_table', 1),
(75, '2023_02_14_194837_create_localities_table', 1),
(76, '2023_02_14_202438_create_types_table', 1),
(77, '2023_02_16_183231_create_artist_type_table', 1),
(78, '2023_02_22_081152_create_locations_table', 1),
(79, '2023_03_19_193822_create_shows_table', 1),
(80, '2023_03_21_195938_create_representations_table', 1),
(81, '2023_04_17_190735_create_artist_type_show_table', 1),
(82, '2023_05_01_221557_update_users_table', 1),
(83, '2023_05_03_212839_create_role_user.show_table', 1),
(84, '2023_05_03_221030_create_representation_user_table', 1);

-- --------------------------------------------------------

--
-- Structure de la table `pages`
--

DROP TABLE IF EXISTS `pages`;
CREATE TABLE `pages` (
  `id` int(10) UNSIGNED NOT NULL,
  `author_id` int(11) NOT NULL,
  `title` varchar(255) NOT NULL,
  `excerpt` text DEFAULT NULL,
  `body` text DEFAULT NULL,
  `image` varchar(255) DEFAULT NULL,
  `slug` varchar(255) NOT NULL,
  `meta_description` text DEFAULT NULL,
  `meta_keywords` text DEFAULT NULL,
  `status` enum('ACTIVE','INACTIVE') NOT NULL DEFAULT 'INACTIVE',
  `created_at` timestamp NULL DEFAULT NULL,
  `updated_at` timestamp NULL DEFAULT NULL
) ENGINE=InnoDB DEFAULT CHARSET=utf8mb4 COLLATE=utf8mb4_unicode_ci;

-- --------------------------------------------------------

--
-- Structure de la table `password_resets`
--

DROP TABLE IF EXISTS `password_resets`;
CREATE TABLE `password_resets` (
  `email` varchar(255) NOT NULL,
  `token` varchar(255) NOT NULL,
  `created_at` timestamp NULL DEFAULT NULL
) ENGINE=InnoDB DEFAULT CHARSET=utf8mb4 COLLATE=utf8mb4_unicode_ci;

-- --------------------------------------------------------

--
-- Structure de la table `permissions`
--

DROP TABLE IF EXISTS `permissions`;
CREATE TABLE `permissions` (
  `id` bigint(20) UNSIGNED NOT NULL,
  `key` varchar(255) NOT NULL,
  `table_name` varchar(255) DEFAULT NULL,
  `created_at` timestamp NULL DEFAULT NULL,
  `updated_at` timestamp NULL DEFAULT NULL
) ENGINE=InnoDB DEFAULT CHARSET=utf8mb4 COLLATE=utf8mb4_unicode_ci;

-- --------------------------------------------------------

--
-- Structure de la table `permission_role`
--

DROP TABLE IF EXISTS `permission_role`;
CREATE TABLE `permission_role` (
  `permission_id` bigint(20) UNSIGNED NOT NULL,
  `role_id` bigint(20) UNSIGNED NOT NULL
) ENGINE=InnoDB DEFAULT CHARSET=utf8mb4 COLLATE=utf8mb4_unicode_ci;

-- --------------------------------------------------------

--
-- Structure de la table `personal_access_tokens`
--

DROP TABLE IF EXISTS `personal_access_tokens`;
CREATE TABLE `personal_access_tokens` (
  `id` bigint(20) UNSIGNED NOT NULL,
  `tokenable_type` varchar(255) NOT NULL,
  `tokenable_id` bigint(20) UNSIGNED NOT NULL,
  `name` varchar(255) NOT NULL,
  `token` varchar(64) NOT NULL,
  `abilities` text DEFAULT NULL,
  `last_used_at` timestamp NULL DEFAULT NULL,
  `expires_at` timestamp NULL DEFAULT NULL,
  `created_at` timestamp NULL DEFAULT NULL,
  `updated_at` timestamp NULL DEFAULT NULL
) ENGINE=InnoDB DEFAULT CHARSET=utf8mb4 COLLATE=utf8mb4_unicode_ci;

-- --------------------------------------------------------

--
-- Structure de la table `posts`
--

DROP TABLE IF EXISTS `posts`;
CREATE TABLE `posts` (
  `id` int(10) UNSIGNED NOT NULL,
  `author_id` int(11) NOT NULL,
  `category_id` int(11) DEFAULT NULL,
  `title` varchar(255) NOT NULL,
  `seo_title` varchar(255) DEFAULT NULL,
  `excerpt` text DEFAULT NULL,
  `body` text NOT NULL,
  `image` varchar(255) DEFAULT NULL,
  `slug` varchar(255) NOT NULL,
  `meta_description` text DEFAULT NULL,
  `meta_keywords` text DEFAULT NULL,
  `status` enum('PUBLISHED','DRAFT','PENDING') NOT NULL DEFAULT 'DRAFT',
  `featured` tinyint(1) NOT NULL DEFAULT 0,
  `created_at` timestamp NULL DEFAULT NULL,
  `updated_at` timestamp NULL DEFAULT NULL
) ENGINE=InnoDB DEFAULT CHARSET=utf8mb4 COLLATE=utf8mb4_unicode_ci;

-- --------------------------------------------------------

--
-- Structure de la table `representations`
--

DROP TABLE IF EXISTS `representations`;
CREATE TABLE `representations` (
  `id` bigint(20) UNSIGNED NOT NULL,
  `show_id` bigint(20) UNSIGNED NOT NULL,
  `when` datetime NOT NULL,
  `location_id` bigint(20) UNSIGNED DEFAULT NULL
) ENGINE=InnoDB DEFAULT CHARSET=utf8mb4 COLLATE=utf8mb4_unicode_ci;

--
-- Déchargement des données de la table `representations`
--

INSERT INTO `representations` (`id`, `show_id`, `when`, `location_id`) VALUES
(1, 1, '2012-10-12 13:30:00', 1),
(2, 1, '2012-10-12 20:30:00', 2),
(3, 2, '2012-10-02 20:30:00', NULL),
(4, 3, '2012-10-16 20:30:00', NULL);

-- --------------------------------------------------------

--
-- Structure de la table `representation_user`
--

DROP TABLE IF EXISTS `representation_user`;
CREATE TABLE `representation_user` (
  `id` bigint(20) UNSIGNED NOT NULL,
  `representation_id` bigint(20) UNSIGNED NOT NULL,
  `user_id` bigint(20) UNSIGNED NOT NULL
) ENGINE=InnoDB DEFAULT CHARSET=utf8mb4 COLLATE=utf8mb4_unicode_ci;

--
-- Déchargement des données de la table `representation_user`
--

INSERT INTO `representation_user` (`id`, `representation_id`, `user_id`) VALUES
(1, 1, 1),
(2, 2, 2);

-- --------------------------------------------------------

--
-- Structure de la table `roles`
--

DROP TABLE IF EXISTS `roles`;
CREATE TABLE `roles` (
  `id` bigint(20) UNSIGNED NOT NULL,
  `name` varchar(255) NOT NULL,
  `display_name` varchar(255) NOT NULL,
  `created_at` timestamp NULL DEFAULT NULL,
  `updated_at` timestamp NULL DEFAULT NULL
) ENGINE=InnoDB DEFAULT CHARSET=utf8mb4 COLLATE=utf8mb4_unicode_ci;

--
-- Déchargement des données de la table `roles`
--

INSERT INTO `roles` (`id`, `name`, `display_name`, `created_at`, `updated_at`) VALUES
(1, 'admin', 'Administrator', '2023-05-30 17:15:40', '2023-05-30 17:15:40'),
(2, 'user', 'Normal User', '2023-05-30 17:15:40', '2023-05-30 17:15:40');

-- --------------------------------------------------------

--
-- Structure de la table `role_user`
--

DROP TABLE IF EXISTS `role_user`;
CREATE TABLE `role_user` (
  `id` bigint(20) UNSIGNED NOT NULL,
  `user_id` bigint(20) UNSIGNED NOT NULL,
  `role_id` bigint(20) UNSIGNED NOT NULL
) ENGINE=InnoDB DEFAULT CHARSET=utf8mb4 COLLATE=utf8mb4_unicode_ci;

--
-- Déchargement des données de la table `role_user`
--

INSERT INTO `role_user` (`id`, `user_id`, `role_id`) VALUES
(1, 2, 2),
(2, 1, 2);

-- --------------------------------------------------------

--
-- Structure de la table `settings`
--

DROP TABLE IF EXISTS `settings`;
CREATE TABLE `settings` (
  `id` int(10) UNSIGNED NOT NULL,
  `key` varchar(255) NOT NULL,
  `display_name` varchar(255) NOT NULL,
  `value` text DEFAULT NULL,
  `details` text DEFAULT NULL,
  `type` varchar(255) NOT NULL,
  `order` int(11) NOT NULL DEFAULT 1,
  `group` varchar(255) DEFAULT NULL
) ENGINE=InnoDB DEFAULT CHARSET=utf8mb4 COLLATE=utf8mb4_unicode_ci;

-- --------------------------------------------------------

--
-- Structure de la table `shows`
--

DROP TABLE IF EXISTS `shows`;
CREATE TABLE `shows` (
  `id` bigint(20) UNSIGNED NOT NULL,
  `slug` varchar(60) NOT NULL,
  `title` varchar(255) NOT NULL,
  `description` text DEFAULT NULL,
  `poster_url` varchar(255) DEFAULT NULL,
  `location_id` bigint(20) UNSIGNED DEFAULT NULL,
  `bookable` tinyint(1) NOT NULL,
  `price` decimal(10,2) DEFAULT NULL,
  `created_at` timestamp NOT NULL DEFAULT current_timestamp(),
  `updated_at` timestamp NULL DEFAULT NULL
) ENGINE=InnoDB DEFAULT CHARSET=utf8mb4 COLLATE=utf8mb4_unicode_ci;

--
-- Déchargement des données de la table `shows`
--

INSERT INTO `shows` (`id`, `slug`, `title`, `description`, `poster_url`, `location_id`, `bookable`, `price`, `created_at`, `updated_at`) VALUES
(1, 'ayiti', 'Ayiti', 'Un homme est bloqué à l’aéroport.\n Questionné par les douaniers, il doit alors justifier son identité, et surtout prouver qu\'il est haïtien – qu\'est-ce qu\'être haïtien ?', 'ayiti.jpg', 1, 1, 8.50, '2023-05-30 19:15:40', NULL),
(2, 'cible-mouvante', 'Cible mouvante', 'Dans ce « thriller d’anticipation », des adultes semblent alimenter et véhiculer une crainte féroce envers les enfants âgés entre 10 et 12 ans.', 'cible.jpg', 2, 1, 9.00, '2023-05-30 19:15:40', NULL),
(3, 'ceci-nest-pas-un-chanteur-belge', 'Ceci n\'est pas un chanteur belge', 'Non peut-être ?!\nEntre Magritte (pour le surréalisme comique) et Maigret (pour le réalisme mélancolique), ce dixième opus semalien propose quatorze nouvelles chansons mêlées à de petits textes humoristiques et à quelques fortes images poétiques.', 'claudebelgesaison220.jpg', NULL, 0, 5.50, '2023-05-30 19:15:40', NULL),
(4, 'manneke', 'Manneke… !', 'A tour de rôle, Pierre se joue de ses oncles, tantes, grands-parents et surtout de sa mère.', 'wayburn.jpg', 3, 1, 10.50, '2023-05-30 19:15:40', NULL);

-- --------------------------------------------------------

--
-- Structure de la table `subscriptions`
--

DROP TABLE IF EXISTS `subscriptions`;
CREATE TABLE `subscriptions` (
  `id` bigint(20) UNSIGNED NOT NULL,
  `user_id` bigint(20) UNSIGNED NOT NULL,
  `name` varchar(255) NOT NULL,
  `stripe_id` varchar(255) NOT NULL,
  `stripe_status` varchar(255) NOT NULL,
  `stripe_price` varchar(255) DEFAULT NULL,
  `quantity` int(11) DEFAULT NULL,
  `trial_ends_at` timestamp NULL DEFAULT NULL,
  `ends_at` timestamp NULL DEFAULT NULL,
  `created_at` timestamp NULL DEFAULT NULL,
  `updated_at` timestamp NULL DEFAULT NULL
) ENGINE=InnoDB DEFAULT CHARSET=utf8mb4 COLLATE=utf8mb4_unicode_ci;

-- --------------------------------------------------------

--
-- Structure de la table `subscription_items`
--

DROP TABLE IF EXISTS `subscription_items`;
CREATE TABLE `subscription_items` (
  `id` bigint(20) UNSIGNED NOT NULL,
  `subscription_id` bigint(20) UNSIGNED NOT NULL,
  `stripe_id` varchar(255) NOT NULL,
  `stripe_product` varchar(255) NOT NULL,
  `stripe_price` varchar(255) NOT NULL,
  `quantity` int(11) DEFAULT NULL,
  `created_at` timestamp NULL DEFAULT NULL,
  `updated_at` timestamp NULL DEFAULT NULL
) ENGINE=InnoDB DEFAULT CHARSET=utf8mb4 COLLATE=utf8mb4_unicode_ci;

-- --------------------------------------------------------

--
-- Structure de la table `translations`
--

DROP TABLE IF EXISTS `translations`;
CREATE TABLE `translations` (
  `id` int(10) UNSIGNED NOT NULL,
  `table_name` varchar(255) NOT NULL,
  `column_name` varchar(255) NOT NULL,
  `foreign_key` int(10) UNSIGNED NOT NULL,
  `locale` varchar(255) NOT NULL,
  `value` text NOT NULL,
  `created_at` timestamp NULL DEFAULT NULL,
  `updated_at` timestamp NULL DEFAULT NULL
) ENGINE=InnoDB DEFAULT CHARSET=utf8mb4 COLLATE=utf8mb4_unicode_ci;

-- --------------------------------------------------------

--
-- Structure de la table `types`
--

DROP TABLE IF EXISTS `types`;
CREATE TABLE `types` (
  `id` bigint(20) UNSIGNED NOT NULL,
  `type` varchar(60) NOT NULL
) ENGINE=InnoDB DEFAULT CHARSET=utf8mb4 COLLATE=utf8mb4_unicode_ci;

--
-- Déchargement des données de la table `types`
--

INSERT INTO `types` (`id`, `type`) VALUES
(1, 'comédien'),
(2, 'scénographe'),
(3, 'auteur');

-- --------------------------------------------------------

--
-- Structure de la table `users`
--

DROP TABLE IF EXISTS `users`;
CREATE TABLE `users` (
  `id` bigint(20) UNSIGNED NOT NULL,
  `login` varchar(30) NOT NULL,
  `role_id` bigint(20) UNSIGNED DEFAULT NULL,
  `firstname` varchar(60) DEFAULT NULL,
  `lastname` varchar(60) NOT NULL,
  `email` varchar(255) NOT NULL,
  `avatar` varchar(255) DEFAULT 'users/default.png',
  `email_verified_at` timestamp NULL DEFAULT NULL,
  `password` varchar(255) NOT NULL,
  `remember_token` varchar(100) DEFAULT NULL,
  `settings` text DEFAULT NULL,
  `created_at` timestamp NULL DEFAULT NULL,
  `updated_at` timestamp NULL DEFAULT NULL,
  `stripe_id` varchar(255) DEFAULT NULL,
  `pm_type` varchar(255) DEFAULT NULL,
  `pm_last_four` varchar(4) DEFAULT NULL,
  `trial_ends_at` timestamp NULL DEFAULT NULL,
  `langue` varchar(2) NOT NULL,
  `role` enum('admin','member') NOT NULL DEFAULT 'member'
) ENGINE=InnoDB DEFAULT CHARSET=utf8mb4 COLLATE=utf8mb4_unicode_ci;

--
-- Déchargement des données de la table `users`
--

INSERT INTO `users` (`id`, `login`, `role_id`, `firstname`, `lastname`, `email`, `avatar`, `email_verified_at`, `password`, `remember_token`, `settings`, `created_at`, `updated_at`, `stripe_id`, `pm_type`, `pm_last_four`, `trial_ends_at`, `langue`, `role`) VALUES
(1, 'bob', NULL, 'Bob', 'Sull', 'bob@gmail.com', 'users/default.png', NULL, '$2y$10$ZSZtqJT.aD6fnHp6n/rXd.1l7s0VmXcffJ.V4vhNI3RFiANBllBfG', NULL, NULL, '2023-05-30 17:15:40', NULL, NULL, NULL, NULL, NULL, 'fr', 'admin'),
(2, 'anna', NULL, 'Anna', 'Lyse', 'anna.lyse@gmail.com', 'users/default.png', NULL, '$2y$10$iLD5DNModc23TEwBm.LRzOVcIojhrmJrDiKKeqnQAycYXDaWX3jKW', NULL, NULL, '2023-05-30 17:15:40', NULL, NULL, NULL, NULL, NULL, 'en', 'member');

-- --------------------------------------------------------

--
-- Structure de la table `user_roles`
--

DROP TABLE IF EXISTS `user_roles`;
CREATE TABLE `user_roles` (
  `user_id` bigint(20) UNSIGNED NOT NULL,
  `role_id` bigint(20) UNSIGNED NOT NULL
) ENGINE=InnoDB DEFAULT CHARSET=utf8mb4 COLLATE=utf8mb4_unicode_ci;

--
-- Index pour les tables déchargées
--

--
-- Index pour la table `artists`
--
ALTER TABLE `artists`
  ADD PRIMARY KEY (`id`);

--
-- Index pour la table `artist_type`
--
ALTER TABLE `artist_type`
  ADD PRIMARY KEY (`id`),
  ADD KEY `artist_type_artist_id_foreign` (`artist_id`),
  ADD KEY `artist_type_type_id_foreign` (`type_id`);

--
-- Index pour la table `artist_type_show`
--
ALTER TABLE `artist_type_show`
  ADD PRIMARY KEY (`id`),
  ADD KEY `artist_type_show_artist_type_id_foreign` (`artist_type_id`),
  ADD KEY `artist_type_show_show_id_foreign` (`show_id`);

--
-- Index pour la table `categories`
--
ALTER TABLE `categories`
  ADD PRIMARY KEY (`id`),
  ADD UNIQUE KEY `categories_slug_unique` (`slug`),
  ADD KEY `categories_parent_id_foreign` (`parent_id`);

--
-- Index pour la table `data_rows`
--
ALTER TABLE `data_rows`
  ADD PRIMARY KEY (`id`),
  ADD KEY `data_rows_data_type_id_foreign` (`data_type_id`);

--
-- Index pour la table `data_types`
--
ALTER TABLE `data_types`
  ADD PRIMARY KEY (`id`),
  ADD UNIQUE KEY `data_types_name_unique` (`name`),
  ADD UNIQUE KEY `data_types_slug_unique` (`slug`);

--
-- Index pour la table `failed_jobs`
--
ALTER TABLE `failed_jobs`
  ADD PRIMARY KEY (`id`),
  ADD UNIQUE KEY `failed_jobs_uuid_unique` (`uuid`);

--
-- Index pour la table `localities`
--
ALTER TABLE `localities`
  ADD PRIMARY KEY (`id`);

--
-- Index pour la table `locations`
--
ALTER TABLE `locations`
  ADD PRIMARY KEY (`id`),
  ADD UNIQUE KEY `locations_slug_unique` (`slug`),
  ADD KEY `locations_locality_id_foreign` (`locality_id`);

--
-- Index pour la table `menus`
--
ALTER TABLE `menus`
  ADD PRIMARY KEY (`id`),
  ADD UNIQUE KEY `menus_name_unique` (`name`);

--
-- Index pour la table `menu_items`
--
ALTER TABLE `menu_items`
  ADD PRIMARY KEY (`id`),
  ADD KEY `menu_items_menu_id_foreign` (`menu_id`);

--
-- Index pour la table `migrations`
--
ALTER TABLE `migrations`
  ADD PRIMARY KEY (`id`);

--
-- Index pour la table `pages`
--
ALTER TABLE `pages`
  ADD PRIMARY KEY (`id`),
  ADD UNIQUE KEY `pages_slug_unique` (`slug`);

--
-- Index pour la table `password_resets`
--
ALTER TABLE `password_resets`
  ADD KEY `password_resets_email_index` (`email`);

--
-- Index pour la table `permissions`
--
ALTER TABLE `permissions`
  ADD PRIMARY KEY (`id`),
  ADD KEY `permissions_key_index` (`key`);

--
-- Index pour la table `permission_role`
--
ALTER TABLE `permission_role`
  ADD PRIMARY KEY (`permission_id`,`role_id`),
  ADD KEY `permission_role_permission_id_index` (`permission_id`),
  ADD KEY `permission_role_role_id_index` (`role_id`);

--
-- Index pour la table `personal_access_tokens`
--
ALTER TABLE `personal_access_tokens`
  ADD PRIMARY KEY (`id`),
  ADD UNIQUE KEY `personal_access_tokens_token_unique` (`token`),
  ADD KEY `personal_access_tokens_tokenable_type_tokenable_id_index` (`tokenable_type`,`tokenable_id`);

--
-- Index pour la table `posts`
--
ALTER TABLE `posts`
  ADD PRIMARY KEY (`id`),
  ADD UNIQUE KEY `posts_slug_unique` (`slug`);

--
-- Index pour la table `representations`
--
ALTER TABLE `representations`
  ADD PRIMARY KEY (`id`),
  ADD KEY `representations_location_id_foreign` (`location_id`),
  ADD KEY `representations_show_id_foreign` (`show_id`);

--
-- Index pour la table `representation_user`
--
ALTER TABLE `representation_user`
  ADD PRIMARY KEY (`id`),
  ADD KEY `representation_user_representation_id_foreign` (`representation_id`),
  ADD KEY `representation_user_user_id_foreign` (`user_id`);

--
-- Index pour la table `roles`
--
ALTER TABLE `roles`
  ADD PRIMARY KEY (`id`),
  ADD UNIQUE KEY `roles_name_unique` (`name`);

--
-- Index pour la table `role_user`
--
ALTER TABLE `role_user`
  ADD PRIMARY KEY (`id`),
  ADD KEY `role_user_user_id_foreign` (`user_id`),
  ADD KEY `role_user_role_id_foreign` (`role_id`);

--
-- Index pour la table `settings`
--
ALTER TABLE `settings`
  ADD PRIMARY KEY (`id`),
  ADD UNIQUE KEY `settings_key_unique` (`key`);

--
-- Index pour la table `shows`
--
ALTER TABLE `shows`
  ADD PRIMARY KEY (`id`),
  ADD UNIQUE KEY `shows_slug_unique` (`slug`),
  ADD KEY `shows_location_id_foreign` (`location_id`);

--
-- Index pour la table `subscriptions`
--
ALTER TABLE `subscriptions`
  ADD PRIMARY KEY (`id`),
  ADD UNIQUE KEY `subscriptions_stripe_id_unique` (`stripe_id`),
  ADD KEY `subscriptions_user_id_stripe_status_index` (`user_id`,`stripe_status`);

--
-- Index pour la table `subscription_items`
--
ALTER TABLE `subscription_items`
  ADD PRIMARY KEY (`id`),
  ADD UNIQUE KEY `subscription_items_subscription_id_stripe_price_unique` (`subscription_id`,`stripe_price`),
  ADD UNIQUE KEY `subscription_items_stripe_id_unique` (`stripe_id`);

--
-- Index pour la table `translations`
--
ALTER TABLE `translations`
  ADD PRIMARY KEY (`id`),
  ADD UNIQUE KEY `translations_table_name_column_name_foreign_key_locale_unique` (`table_name`,`column_name`,`foreign_key`,`locale`);

--
-- Index pour la table `types`
--
ALTER TABLE `types`
  ADD PRIMARY KEY (`id`);

--
-- Index pour la table `users`
--
ALTER TABLE `users`
  ADD PRIMARY KEY (`id`),
  ADD UNIQUE KEY `users_email_unique` (`email`),
  ADD UNIQUE KEY `users_login_unique` (`login`),
  ADD KEY `users_role_id_foreign` (`role_id`),
  ADD KEY `users_stripe_id_index` (`stripe_id`);

--
-- Index pour la table `user_roles`
--
ALTER TABLE `user_roles`
  ADD PRIMARY KEY (`user_id`,`role_id`),
  ADD KEY `user_roles_user_id_index` (`user_id`),
  ADD KEY `user_roles_role_id_index` (`role_id`);

--
-- AUTO_INCREMENT pour les tables déchargées
--

--
-- AUTO_INCREMENT pour la table `artists`
--
ALTER TABLE `artists`
  MODIFY `id` bigint(20) UNSIGNED NOT NULL AUTO_INCREMENT, AUTO_INCREMENT=12;

--
-- AUTO_INCREMENT pour la table `artist_type`
--
ALTER TABLE `artist_type`
  MODIFY `id` bigint(20) UNSIGNED NOT NULL AUTO_INCREMENT, AUTO_INCREMENT=17;

--
-- AUTO_INCREMENT pour la table `artist_type_show`
--
ALTER TABLE `artist_type_show`
  MODIFY `id` bigint(20) UNSIGNED NOT NULL AUTO_INCREMENT, AUTO_INCREMENT=18;

--
-- AUTO_INCREMENT pour la table `categories`
--
ALTER TABLE `categories`
  MODIFY `id` int(10) UNSIGNED NOT NULL AUTO_INCREMENT;

--
-- AUTO_INCREMENT pour la table `data_rows`
--
ALTER TABLE `data_rows`
  MODIFY `id` int(10) UNSIGNED NOT NULL AUTO_INCREMENT;

--
-- AUTO_INCREMENT pour la table `data_types`
--
ALTER TABLE `data_types`
  MODIFY `id` int(10) UNSIGNED NOT NULL AUTO_INCREMENT;

--
-- AUTO_INCREMENT pour la table `failed_jobs`
--
ALTER TABLE `failed_jobs`
  MODIFY `id` bigint(20) UNSIGNED NOT NULL AUTO_INCREMENT;

--
-- AUTO_INCREMENT pour la table `localities`
--
ALTER TABLE `localities`
  MODIFY `id` bigint(20) UNSIGNED NOT NULL AUTO_INCREMENT, AUTO_INCREMENT=8;

--
-- AUTO_INCREMENT pour la table `locations`
--
ALTER TABLE `locations`
  MODIFY `id` bigint(20) UNSIGNED NOT NULL AUTO_INCREMENT, AUTO_INCREMENT=5;

--
-- AUTO_INCREMENT pour la table `menus`
--
ALTER TABLE `menus`
  MODIFY `id` int(10) UNSIGNED NOT NULL AUTO_INCREMENT;

--
-- AUTO_INCREMENT pour la table `menu_items`
--
ALTER TABLE `menu_items`
  MODIFY `id` int(10) UNSIGNED NOT NULL AUTO_INCREMENT;

--
-- AUTO_INCREMENT pour la table `migrations`
--
ALTER TABLE `migrations`
  MODIFY `id` int(10) UNSIGNED NOT NULL AUTO_INCREMENT, AUTO_INCREMENT=85;

--
-- AUTO_INCREMENT pour la table `pages`
--
ALTER TABLE `pages`
  MODIFY `id` int(10) UNSIGNED NOT NULL AUTO_INCREMENT;

--
-- AUTO_INCREMENT pour la table `permissions`
--
ALTER TABLE `permissions`
  MODIFY `id` bigint(20) UNSIGNED NOT NULL AUTO_INCREMENT;

--
-- AUTO_INCREMENT pour la table `personal_access_tokens`
--
ALTER TABLE `personal_access_tokens`
  MODIFY `id` bigint(20) UNSIGNED NOT NULL AUTO_INCREMENT;

--
-- AUTO_INCREMENT pour la table `posts`
--
ALTER TABLE `posts`
  MODIFY `id` int(10) UNSIGNED NOT NULL AUTO_INCREMENT;

--
-- AUTO_INCREMENT pour la table `representations`
--
ALTER TABLE `representations`
  MODIFY `id` bigint(20) UNSIGNED NOT NULL AUTO_INCREMENT, AUTO_INCREMENT=6;

--
-- AUTO_INCREMENT pour la table `representation_user`
--
ALTER TABLE `representation_user`
  MODIFY `id` bigint(20) UNSIGNED NOT NULL AUTO_INCREMENT, AUTO_INCREMENT=3;

--
-- AUTO_INCREMENT pour la table `roles`
--
ALTER TABLE `roles`
  MODIFY `id` bigint(20) UNSIGNED NOT NULL AUTO_INCREMENT, AUTO_INCREMENT=3;

--
-- AUTO_INCREMENT pour la table `role_user`
--
ALTER TABLE `role_user`
  MODIFY `id` bigint(20) UNSIGNED NOT NULL AUTO_INCREMENT, AUTO_INCREMENT=3;

--
-- AUTO_INCREMENT pour la table `settings`
--
ALTER TABLE `settings`
  MODIFY `id` int(10) UNSIGNED NOT NULL AUTO_INCREMENT;

--
-- AUTO_INCREMENT pour la table `shows`
--
ALTER TABLE `shows`
  MODIFY `id` bigint(20) UNSIGNED NOT NULL AUTO_INCREMENT, AUTO_INCREMENT=6;

--
-- AUTO_INCREMENT pour la table `subscriptions`
--
ALTER TABLE `subscriptions`
  MODIFY `id` bigint(20) UNSIGNED NOT NULL AUTO_INCREMENT;

--
-- AUTO_INCREMENT pour la table `subscription_items`
--
ALTER TABLE `subscription_items`
  MODIFY `id` bigint(20) UNSIGNED NOT NULL AUTO_INCREMENT;

--
-- AUTO_INCREMENT pour la table `translations`
--
ALTER TABLE `translations`
  MODIFY `id` int(10) UNSIGNED NOT NULL AUTO_INCREMENT;

--
-- AUTO_INCREMENT pour la table `types`
--
ALTER TABLE `types`
  MODIFY `id` bigint(20) UNSIGNED NOT NULL AUTO_INCREMENT, AUTO_INCREMENT=4;

--
-- AUTO_INCREMENT pour la table `users`
--
ALTER TABLE `users`
  MODIFY `id` bigint(20) UNSIGNED NOT NULL AUTO_INCREMENT, AUTO_INCREMENT=3;

--
-- Contraintes pour les tables déchargées
--

--
-- Contraintes pour la table `artist_type`
--
ALTER TABLE `artist_type`
  ADD CONSTRAINT `artist_type_artist_id_foreign` FOREIGN KEY (`artist_id`) REFERENCES `artists` (`id`) ON UPDATE CASCADE,
  ADD CONSTRAINT `artist_type_type_id_foreign` FOREIGN KEY (`type_id`) REFERENCES `types` (`id`) ON UPDATE CASCADE;

--
-- Contraintes pour la table `artist_type_show`
--
ALTER TABLE `artist_type_show`
  ADD CONSTRAINT `artist_type_show_artist_type_id_foreign` FOREIGN KEY (`artist_type_id`) REFERENCES `artist_type` (`id`) ON DELETE CASCADE ON UPDATE CASCADE,
  ADD CONSTRAINT `artist_type_show_show_id_foreign` FOREIGN KEY (`show_id`) REFERENCES `shows` (`id`) ON DELETE CASCADE ON UPDATE CASCADE;

--
-- Contraintes pour la table `categories`
--
ALTER TABLE `categories`
  ADD CONSTRAINT `categories_parent_id_foreign` FOREIGN KEY (`parent_id`) REFERENCES `categories` (`id`) ON DELETE SET NULL ON UPDATE CASCADE;

--
-- Contraintes pour la table `data_rows`
--
ALTER TABLE `data_rows`
  ADD CONSTRAINT `data_rows_data_type_id_foreign` FOREIGN KEY (`data_type_id`) REFERENCES `data_types` (`id`) ON DELETE CASCADE ON UPDATE CASCADE;

--
-- Contraintes pour la table `locations`
--
ALTER TABLE `locations`
  ADD CONSTRAINT `locations_locality_id_foreign` FOREIGN KEY (`locality_id`) REFERENCES `localities` (`id`) ON UPDATE CASCADE;

--
-- Contraintes pour la table `menu_items`
--
ALTER TABLE `menu_items`
  ADD CONSTRAINT `menu_items_menu_id_foreign` FOREIGN KEY (`menu_id`) REFERENCES `menus` (`id`) ON DELETE CASCADE;

--
-- Contraintes pour la table `permission_role`
--
ALTER TABLE `permission_role`
  ADD CONSTRAINT `permission_role_permission_id_foreign` FOREIGN KEY (`permission_id`) REFERENCES `permissions` (`id`) ON DELETE CASCADE,
  ADD CONSTRAINT `permission_role_role_id_foreign` FOREIGN KEY (`role_id`) REFERENCES `roles` (`id`) ON DELETE CASCADE;

--
-- Contraintes pour la table `representations`
--
ALTER TABLE `representations`
  ADD CONSTRAINT `representations_location_id_foreign` FOREIGN KEY (`location_id`) REFERENCES `locations` (`id`) ON UPDATE CASCADE,
  ADD CONSTRAINT `representations_show_id_foreign` FOREIGN KEY (`show_id`) REFERENCES `shows` (`id`) ON UPDATE CASCADE;

--
-- Contraintes pour la table `representation_user`
--
ALTER TABLE `representation_user`
  ADD CONSTRAINT `representation_user_representation_id_foreign` FOREIGN KEY (`representation_id`) REFERENCES `representations` (`id`) ON UPDATE CASCADE,
  ADD CONSTRAINT `representation_user_user_id_foreign` FOREIGN KEY (`user_id`) REFERENCES `users` (`id`) ON UPDATE CASCADE;

--
-- Contraintes pour la table `role_user`
--
ALTER TABLE `role_user`
  ADD CONSTRAINT `role_user_role_id_foreign` FOREIGN KEY (`role_id`) REFERENCES `roles` (`id`) ON UPDATE CASCADE,
  ADD CONSTRAINT `role_user_user_id_foreign` FOREIGN KEY (`user_id`) REFERENCES `users` (`id`) ON UPDATE CASCADE;

--
-- Contraintes pour la table `shows`
--
ALTER TABLE `shows`
  ADD CONSTRAINT `shows_location_id_foreign` FOREIGN KEY (`location_id`) REFERENCES `locations` (`id`) ON UPDATE CASCADE;

--
-- Contraintes pour la table `users`
--
ALTER TABLE `users`
  ADD CONSTRAINT `users_role_id_foreign` FOREIGN KEY (`role_id`) REFERENCES `roles` (`id`);

--
-- Contraintes pour la table `user_roles`
--
ALTER TABLE `user_roles`
  ADD CONSTRAINT `user_roles_role_id_foreign` FOREIGN KEY (`role_id`) REFERENCES `roles` (`id`) ON DELETE CASCADE,
  ADD CONSTRAINT `user_roles_user_id_foreign` FOREIGN KEY (`user_id`) REFERENCES `users` (`id`) ON DELETE CASCADE;
COMMIT;

/*!40101 SET CHARACTER_SET_CLIENT=@OLD_CHARACTER_SET_CLIENT */;
/*!40101 SET CHARACTER_SET_RESULTS=@OLD_CHARACTER_SET_RESULTS */;
/*!40101 SET COLLATION_CONNECTION=@OLD_COLLATION_CONNECTION */;
